Book Id,Title,Author,Author l-f,Additional Authors,ISBN,ISBN13,My Rating,Average Rating,Publisher,Binding,Number of Pages,Year Published,Original Publication Year,Date Read,Date Added,Bookshelves,Bookshelves with positions,Exclusive Shelf,My Review,Spoiler,Private Notes,Read Count,Owned Copies
428,Play It As It Lays,Joan Didion,"Didion, Joan",,374529949,9780374529949,0,3.90,"Farrar, Straus and Giroux",Paperback,231,2005,1970,,2025/11/22,currently-reading,currently-reading (#3),currently-reading,,,,1,0
88564033,A Leopard-Skin Hat,Anne Serre,"Serre, Anne",Mark Hutchinson,811234517,9780811234511,5,3.47,New Directions,Paperback,122,2023,2008,2025/11/22,2025/11/22,,,read,This book was such a beautiful portrayal of living with mental health issues and witnessing a friend or loved one experience them. I wish there was a bit more criticism of Fanny and less worshipping / glorifying,,,1,0
45046527,American Dirt,Jeanine Cummins,"Cummins, Jeanine",,,,4,4.36,Flatiron Books,Hardcover,459,2020,2020,2025/11/06,2025/10/15,,,read,"I only found out this book was controversial 2/3 of the way through reading it. So, my rating is based solely off of my enjoyment of the book as a story and does not discredit any criticism people have of the author.",,,1,0
200776812,Butter,Asako Yuzuki,"Yuzuki, Asako",Polly Barton,63236400,9780063236400,3,3.46,Ecco,Hardcover,464,2024,2017,,2025/10/08,,,read,I already didn’t like butter before this so reading about how greasy it is on every other page made me nauseous ,,,1,0
45304101,The Great Believers,Rebecca Makkai,"Makkai, Rebecca",,073522353X,9780735223530,0,4.29,Penguin Books,Paperback,421,2019,2018,,2025/07/14,to-read,to-read (#10),to-read,,,,0,0
218695909,What Kind of Paradise,Janelle Brown,"Brown, Janelle",,593449789,9780593449783,5,4.14,Random House,Hardcover,368,2025,2025,,2025/07/14,,,read,This book was sooo addictive,,,2,0
58662236,Small Things Like These,Claire Keegan,"Keegan, Claire",,802158749,9780802158741,5,4.11,Grove Press,Hardcover,70,2021,2021,2025/03/06,2025/03/06,,,read,A very quick read but a beautiful story. I wish it was longer so I could see the fate of the main character in his struggle of balancing what’s best for his family and what’s best for the vulnerable people in his community.,,,1,0
58662236,Malibu Rising,Taylor Jenkins Reid,"Taylor Jenkins Read",,802158749,9780802158741,4,4.11,Grove Press,Hardcover,384,2021,2021,2025/06/06,2025/06/06,,,read,A very quick read but a beautiful story. I wish it was longer so I could see the fate of the main character in his struggle of balancing what’s best for his family and what’s best for the vulnerable people in his community.,,,1,0
176443312,Fruit of the Dead,Rachel  Lyon,"Lyon, Rachel",,1668020858,9781668020852,4,3.48,Scribner,Hardcover,320,2024,2024,2025/03/05,2025/03/05,,,read,"This book was sooo good and a great beach read. I got kind of scared when I started reading it thinking it would be some gross romance between an old billionaire and the nanny but thankfully it wasn’t (at least not really, he was still a creep).",,,1,0
701724,Fellow Travelers,Thomas Mallon,"Mallon, Thomas",,375423486,9780375423482,0,3.60,Pantheon,Hardcover,356,2007,2007,,2024/07/09,currently-reading,currently-reading (#2),currently-reading,,,,1,0
67238,Dead Poets Society,N.H. Kleinbaum,"Kleinbaum, N.H.",Tom Schulman,553282980,9780553282986,0,4.17,Starfire,Paperback,166,1989,1988,,2025/01/29,to-read,to-read (#9),to-read,,,,0,0
1561703,Diary of an Oxygen Thief,Anonymous,"Anonymous, Anonymous",,908105841X,9789081058414,1,2.71,nlvi,Paperback,140,2006,2006,,2021/1/29,,,read,,,,1,0
581811,Valley of the Dolls,Jacqueline Susann,"Susann, Jacqueline",,802135196,9780802135193,0,3.86,Grove Press,Paperback,448,1997,1966,,2025/01/29,to-read,to-read (#8),to-read,,,,0,0
68783,"Girl, Interrupted",Susanna Kaysen,"Kaysen, Susanna",,679746048,9780679746041,4,3.94,Vintage ,Paperback,169,1994,1993,2025/01/29,2025/01/28,,,read,"Super quick read, I loved the writing style. I watched the movie and thought it was meh, which put me off from reading the book. But actually it was so much better, and I liked Lisa’s ending in it.",,,1,0
13747794,The Uncensored Picture of Dorian Gray,Oscar Wilde,"Wilde, Oscar",Nicholas Frankel,674066316,9780674066311,5,4.27,Belknap Press: An Imprint of Harvard University Press,Paperback,260,2012,1890,2025/01/27,2025/01/23,,,read,This is going in my list of favorite books of all time. The best way I can describe it is everything that The Secret History wishes it was.,,,1,0
10956,The Virgin Suicides,Jeffrey Eugenides,"Eugenides, Jeffrey",,747560595,9780747560593,0,3.78,Bloomsbury Paperbacks,Paperback,250,2002,1993,2023/08/15,2023/1/25,,,read,,,,1,0
5148,A Separate Peace,John Knowles,"Knowles, John",David Levithan,,,0,3.60,Scribner,Paperback,208,2003,1959,,2025/01/25,to-read,to-read (#7),to-read,,,,0,0
177185976,Victim,Andrew Boryga,"Boryga, Andrew",,385549970,9780385549974,0,3.82,Doubleday,Hardcover,276,2024,2024,,2025/01/25,to-read,to-read (#6),to-read,,,,0,0
208931300,Intermezzo,Sally Rooney,"Rooney, Sally",,374602638,9780374602635,0,3.82,"Farrar, Straus and Giroux",Hardcover,464,2024,2024,,2025/01/25,to-read,to-read (#5),to-read,,,,0,0
127305853,The Women,Kristin Hannah,"Hannah, Kristin",,1250178630,9781250178633,0,4.59,St. Martin's Press,Hardcover,471,2024,2024,,2025/01/25,to-read,to-read (#4),to-read,,,,0,0
40864002,"A Psalm for the Wild-Built (Monk & Robot, #1)",Becky Chambers,"Chambers, Becky",,,,3,4.22,Tordotcom,ebook,151,2021,2021,2025/01/15,2025/01/15,,,read,I did like this book but the main character complained too much and had a lot of self-pity. I really liked the robot character and also the descriptions of nature. It was a very calming book to read.,,,1,0
24388326,The Heart Goes Last,Margaret Atwood,"Atwood, Margaret",,385540353,9780385540353,4,3.40,Nan A. Talese,Hardcover,320,2015,2015,2025/01/13,2025/01/06,,,read,I really liked the plot and parts were quite funny. there were interesting takes on love and identity. I found this book randomly in the used book section of a harvard book store and I’m so glad i did !,,,1,0
60324341,Brotherless Night,V.V. Ganeshananthan,"Ganeshananthan, V.V.",,812997158,9780812997156,0,4.45,Random House,Hardcover,348,2023,2023,,2025/01/07,to-read,to-read (#3),to-read,,,,0,0
25489025,The Vegetarian,Han Kang,"Kang, Han",Deborah Smith,553448188,9780553448184,4,3.65,Hogarth,Hardcover,158,2016,2007,2025/01/06,2025/01/05,,,read,very disturbing and the second chapter was hard to read. other than that i loved it,,,1,0
197522433,Mood Swings,Frankie Barnet,"Barnet, Frankie",,1662602596,9781662602597,4,3.50,Astra House,Hardcover,304,2024,2024,2025/01/04,2025/01/05,,,read,This was good but kind of weird,,,1,0
40597810,Daisy Jones & The Six,Taylor Jenkins Reid,"Reid, Taylor Jenkins",,1524798622,9781524798628,0,4.20,Ballantine Books,Hardcover,368,2019,2019,,2025/01/06,,,read,,,,1,0
6514,The Bell Jar,Sylvia Plath,"Plath, Sylvia",,571268862,9780571268863,0,4.05,Harper Perennial Modern Classics,Paperback,294,2006,1963,,2025/01/06,,,read,,,,1,0
18135,Romeo and Juliet,William Shakespeare,"Shakespeare, William",,743477111,9780743477116,0,3.74,Washington Square Press,Mass Market Paperback,281,2002,1590,,2021/08/20,,,read,,,,1,0
19063,The Book Thief,Markus Zusak,"Zusak, Markus",,,,5,4.39,Alfred A. Knopf,Kindle Edition,592,2006,2005,,2021/08/20,,,read,,,,1,0
22822858,A Little Life,Hanya Yanagihara,"Yanagihara, Hanya",,385539258,9780385539258,4,4.28,Doubleday,Hardcover,720,2015,2015,2021/08/15,2021/08/15,,,read,,,,1,0
2165,The Old Man and the Sea,Ernest Hemingway,"Hemingway, Ernest",,684830493,9780684830490,0,3.81,Scribner,Hardcover,96,1996,1952,,2021/08/20,,,read,,,,1,0
16101128,"The 5th Wave (The 5th Wave, #1)",Rick Yancey,"Yancey, Rick",,399162410,9780399162411,0,4.00,G.P. Putnam's Sons Books for Young Readers,Hardcover,457,2013,2013,,2021/08/20,,,read,,,,1,0
6482837,Before I Fall,Lauren Oliver,"Oliver, Lauren",,61726818,9780061726811,0,3.88,HarperCollins,Paperback,470,2010,2010,,2021/08/20,,,read,,,,1,0
26032825,"The Cruel Prince (The Folk of the Air, #1)",Holly Black,"Black, Holly",,316310271,9780316310277,0,4.01,"Little, Brown Books for Young Readers",Hardcover,370,2018,2018,,2021/08/20,,,read,,,,1,0
7735333,"Matched (Matched, #1)",Ally Condie,"Condie, Ally",,525423648,9780525423645,0,3.62,Dutton Books for Young Readers,Hardcover,369,2010,2010,,2021/08/20,,,read,,,,1,0
4374400,"If I Stay (If I Stay, #1)",Gayle Forman,"Forman, Gayle",,525421033,9780525421030,0,3.91,Viking,Hardcover,208,2009,2009,,2021/08/20,,,read,,,,1,0
1656001,"The Host (The Host, #1)",Stephenie Meyer,"Meyer, Stephenie",,316068047,9780316068048,0,3.86,"Little, Brown and Company",Hardcover,619,2008,2008,,2021/08/20,,,read,,,,1,0
6186357,"The Maze Runner (The Maze Runner, #1)",James Dashner,"Dashner, James",,385737947,9780385737944,0,4.05,Delacorte Press,Hardcover,384,2009,2009,,2021/08/20,,,read,,,,1,0
2657,To Kill a Mockingbird,Harper Lee,"Lee, Harper",,60935464,9780060935467,0,4.26,Harper Perennial Modern Classics ,Paperback,323,2006,1960,,2021/08/20,,,read,,,,1,0
41865,"Twilight (The Twilight Saga, #1)",Stephenie Meyer,"Meyer, Stephenie",,316015849,9780316015844,0,3.67,"Little, Brown and Company",Paperback,498,2006,2005,,2021/08/10,,,read,,,,1,0
49041,"New Moon (The Twilight Saga, #2)",Stephenie Meyer,"Meyer, Stephenie",,316160199,9780316160193,0,3.62,"Little, Brown and Company",Hardcover,563,2006,2006,,2021/08/10,,,read,,,,1,0
7624,Lord of the Flies,William Golding,"Golding, William",,140283331,9780140283334,0,3.70,Penguin Books ,Paperback,182,1999,1954,,2021/08/20,,,read,,,,1,0
428263,"Eclipse (The Twilight Saga, #3)",Stephenie Meyer,"Meyer, Stephenie",,316160202,9780316160209,0,3.74,"Little, Brown and Company",Hardcover,629,2007,2007,,2021/08/10,,,read,,,,1,0
170448,Animal Farm,George Orwell,"Orwell, George","Russell Baker, C.M. Woodhouse",451526341,9780451526342,0,4.01,Signet Classics,Mass Market Paperback,141,1996,1945,,2021/08/20,,,read,,,,1,0
452306,"The Sisterhood of the Traveling Pants (Sisterhood, #1)",Ann Brashares,"Brashares, Ann",,385729332,9780385729338,0,3.85,Delacorte Press,Hardcover,294,2001,2001,,2021/08/20,,,read,,,,1,0
39280444,Speak,Laurie Halse Anderson,"Anderson, Laurie Halse",,374311250,9780374311254,4,4.05,"Farrar, Straus and Giroux (BYR)",Hardcover,224,2019,1999,,2021/08/10,,,read,,,,1,0
890,Of Mice and Men,John Steinbeck,"Steinbeck, John",,142000671,9780142000670,0,3.89,Penguin Books,Paperback,107,2002,1937,,2021/08/20,,,read,,,,1,0
20821111,"The Young Elites (The Young Elites, #1)",Marie Lu,"Lu, Marie",,399167838,9780399167836,0,3.86,G.P. Putnam’s Sons Books for Young Readers,Hardcover,355,2014,2014,,2021/08/20,,,read,,,,1,0
13623848,The Song of Achilles,Madeline Miller,"Miller, Madeline",,,,5,4.31,Ecco,Paperback,408,2012,2011,,2021/08/10,,,read,,,,2,0
9275658,"Legend (Legend, #1)",Marie Lu,"Lu, Marie",,,,0,4.15,Putnam Juvenile,Hardcover,305,2011,2011,,2021/08/20,,,read,,,,1,0
13335037,"Divergent (Divergent, #1)",Veronica Roth,"Roth, Veronica",,62024035,9780062024039,0,4.13,Katherine Tegen Books,Paperback,487,2012,2011,,2021/08/10,,,read,,,,1,0
6304335,"Beautiful Creatures (Caster Chronicles, #1)",Kami Garcia,"Garcia, Kami",Margaret Stohl,316042676,9780316042673,0,3.77,"Little, Brown and Company",Hardcover,563,2009,2009,,2021/08/20,,,read,,,,1,0
6148028,"Catching Fire (The Hunger Games, #2)",Suzanne Collins,"Collins, Suzanne",,439023491,9780439023498,5,4.35,Scholastic Press,Hardcover,391,2009,2009,,2021/08/10,,,read,,,,1,0
2767052,"The Hunger Games (The Hunger Games, #1)",Suzanne Collins,"Collins, Suzanne",,439023483,9780439023481,5,4.35,Scholastic Press,Hardcover,374,2008,2008,,2021/08/10,,,read,,,,1,0
3636,"The Giver (The Giver, #1)",Lois Lowry,"Lowry, Lois",,385732554,9780385732550,0,4.12,Ember,Paperback,208,2006,1993,,2021/08/20,,,read,,,,1,0
8852,Macbeth,William Shakespeare,"Shakespeare, William","Folger Shakespeare Library, Barbara A. Mowat, Paul Werstine",743477103,9780743477109,0,3.89,Simon & Schuster,Mass Market Paperback,249,2013,1623,,2021/08/20,,,read,,,,1,0
4671,The Great Gatsby,F. Scott Fitzgerald,"Fitzgerald, F. Scott",,743273567,9780743273565,5,3.93,Scribner,Paperback,180,1925,1925,,2021/08/20,,,read,,,,1,0
9717,The Unbearable Lightness of Being,Milan Kundera,"Kundera, Milan",Michael Henry Heim,571224385,9780571224388,3,4.11,Harper Perennial,Paperback,314,2009,1984,,2025/01/05,,,read,,,,1,0
48855,The Diary of a Young Girl,Anne Frank,"Frank, Anne","Barbara Mooyaart-Doubleday, Otto H. Frank, Mirjam Pressler, Γιάννης Θωμόπουλος, Eleanor Roosevelt, Susan Massotty",,,0,4.20,Bantam,Mass Market Paperback,283,1993,1947,,2024/1/5,,,read,,,,1,0
17165932,"Independent Study (The Testing, #2)",Joelle Charbonneau,"Charbonneau, Joelle",,547959206,9780547959207,0,3.94,Clarion Books,Hardcover,320,2014,2014,,2021/08/20,,,read,,,,1,0
36809135,Where the Crawdads Sing,Delia Owens,"Owens, Delia",,735219117,9780735219113,5,4.37,G.P. Putnam’s Sons,ebook,384,2018,2018,,2024/07/09,,,read,,,,1,0
63094957,The Rachel Incident,Caroline O'Donoghue,"O'Donoghue, Caroline",,593535707,9780593535707,3,4.07,Knopf,Hardcover,304,2023,2023,,2024/07/09,,,read,,,,1,0
46041465,Everything I Know About Love,Dolly Alderton,"Alderton, Dolly",,62968785,9780062968784,4,3.94,Harper,Hardcover,368,2020,2018,,2024/07/09,,,read,,,,1,0
161412621,The Gift of Rain: A Novel,Tan Twan Eng,"Eng, Tan Twan",,,,5,4.28,Weinstein Books,Paperback,448,2009,2007,,2024/07/09,,,read,,,,1,0
15823480,Anna Karenina,Leo Tolstoy,"Tolstoy, Leo","Aylmer Maude, Louise Maude, Dieter Wellershoff, Bruno Goetz, Lev Tolstoj, Léon Tolstoï",345803922,9780345803924,0,4.10,Vintage,Paperback,964,2012,1878,,2021/08/20,currently-reading,currently-reading (#1),currently-reading,,,,1,0
29044,The Secret History,Donna Tartt,"Tartt, Donna",,1400031702,9781400031702,4,4.15,Vintage Books,Paperback,559,2004,1992,,2021/08/16,,,read,,,,1,0
44279110,My Year of Rest and Relaxation,Ottessa Moshfegh,"Moshfegh, Ottessa",,525522131,9780525522133,3,3.60,Penguin Books,Paperback,289,2019,2018,,2021/08/15,,,read,,,,1,0
35959740,Circe,Madeline Miller,"Miller, Madeline",,316556343,9780316556347,5,4.22,"Little, Brown and Company",Hardcover,393,2018,2018,2024/07/09,2021/08/10,,,read,,,,1,0
8492825,"Where She Went (If I Stay, #2)",Gayle Forman,"Forman, Gayle",,525422943,9780525422945,0,3.97,Dutton Juvenile,Hardcover,264,2011,2011,,2021/08/20,,,read,,,,1,0
6400090,The Last Song,Nicholas Sparks,"Sparks, Nicholas",,446547565,9780446547567,0,4.16,Grand Central Publishing,Paperback,390,2010,2009,,2021/08/20,,,read,,,,1,0
5526,Dear John,Nicholas Sparks,"Sparks, Nicholas",,446528056,9780446528054,0,4.04,Warner Books (NY),Hardcover,276,2006,2006,,2021/08/20,,,read,,,,1,0
1381,The Odyssey,Homer,"Homer, Homer","Robert Fagles, Bernard Knox",143039954,9780143039952,0,3.83,Penguin Classics ,Paperback,541,2006,-700,,2021/08/20,,,read,,,,1,0
1420,Hamlet,William Shakespeare,"Shakespeare, William","Harold Bloom, Rex Gibson, Israel Gollancz, Henry Norman Hudson, L.A. Sherman, Max J. Herzberg",521618746,9780521618748,0,4.03,Cambridge University Press,Paperback,289,2005,1601,,2021/08/20,,,read,,,,1,0
25893582,Tell Me Three Things,Julie Buxbaum,"Buxbaum, Julie",,553535641,9780553535648,0,4.00,Delacorte Press,Hardcover,328,2016,2016,,2021/08/20,,,read,,,,1,0
28686840,Holding Up the Universe,Jennifer Niven,"Niven, Jennifer",,385755929,9780385755924,0,3.67,Knopf Books for Young Readers,Hardcover,391,2016,2016,,2021/08/20,,,read,,,,1,0
27161833,"The King Slayer (The Witch Hunter, #2)",Virginia Boecker,"Boecker, Virginia",,316327239,9780316327237,0,3.77,"Little, Brown Books for Young Readers",Hardcover,377,2016,2016,,2021/08/20,,,read,,,,1,0
18190208,"The Witch Hunter (The Witch Hunter, #1)",Virginia Boecker,"Boecker, Virginia",,031632700X,9780316327008,0,3.79,"Little, Brown Books for Young Readers",Hardcover,362,2015,2015,,2021/08/20,,,read,,,,1,0
25785357,"Firstlife (Everlife, #1)",Gena Showalter,"Showalter, Gena",,373211570,9780373211579,0,3.68,Harlequin Teen,Hardcover,467,2016,2016,,2021/08/20,,,read,,,,1,0
25897792,"Into the Dim (Into the Dim, #1)",Janet B.  Taylor,"Taylor, Janet B.",,544602005,9780544602007,0,3.75,Clarion Books,Hardcover,428,2016,2016,,2021/08/20,,,read,,,,1,0
23587115,Spontaneous,Aaron Starmer,"Starmer, Aaron",,,,0,3.33,Dutton Books for Young Readers,ebook,368,2016,2016,,2021/08/20,,,read,,,,1,0
24529123,This Is Where It Ends,Marieke Nijkamp,"Nijkamp, Marieke",,149262246X,9781492622468,0,3.68,Sourcebooks Fire,Hardcover,288,2016,2016,,2021/08/20,,,read,,,,1,0
17838528,The Unexpected Everything,Morgan Matson,"Matson, Morgan",,1481404547,9781481404549,0,3.98,Simon & Schuster Books for Young Readers,Hardcover,519,2016,2016,,2021/08/20,,,read,,,,1,0
10866233,The List,Siobhan Vivian,"Vivian, Siobhan",,545169178,9780545169172,0,3.38, Push,Hardcover,336,2012,2012,,2021/08/20,,,read,,,,1,0
6618272,The Siren,Kiera Cass,"Cass, Kiera",,1440154236,9781440154232,0,3.69,Iuniverse Inc,Paperback,276,2009,2009,,2021/08/20,,,read,,,,1,0
11946245,"Nevermore (Maximum Ride, #8)",James  Patterson,"Patterson, James",,316101842,9780316101844,0,3.89,Little Brown and Company ,Hardcover,368,2012,2012,,2021/08/20,,,read,,,,1,0
13599291,"Dance of the Red Death (Masque of the Red Death, #2)",Bethany Griffin,"Griffin, Bethany",,62107828,9780062107824,0,3.68,Greenwillow Books,Hardcover,327,2013,2013,,2021/08/20,,,read,,,,1,0
12924275,"Masque of the Red Death (Masque of the Red Death, #1)",Bethany Griffin,"Griffin, Bethany",,62107798,9780062107794,0,3.70,Greenwillow Books,Hardcover,319,2012,2012,,2021/08/20,,,read,,,,1,0
12829446,"Fated (Soul Seekers, #1)",Alyson Noel,"Noel, Alyson",,312664850,9780312664855,0,3.67,St. Martin's Griffin,Hardcover,352,2012,2012,,2021/08/20,,,read,,,,1,0
307791,"The City of Ember (Book of Ember, #1)",Jeanne DuPrau,"DuPrau, Jeanne",,375822747,9780375822742,0,3.90,Random House Children's Books,Paperback,270,2003,2003,,2021/08/20,,,read,,,,1,0
18189606,Since You've Been Gone,Morgan Matson,"Matson, Morgan",,1442435003,9781442435001,0,4.07,Simon & Schuster,Hardcover,449,2014,2014,,2021/08/20,,,read,,,,1,0
18222699,"Graduation Day (The Testing, #3)",Joelle Charbonneau,"Charbonneau, Joelle",,547959214,9780547959214,0,3.81,Clarion Books,Hardcover,304,2014,2014,,2021/08/20,,,read,,,,1,0
13326831,"The Testing (The Testing, #1)",Joelle Charbonneau,"Charbonneau, Joelle","Amélie Sarn, Amélie Hesnard",547959109,9780547959108,0,4.05,Houghton Mifflin,Hardcover,325,2013,2013,,2021/08/20,,,read,,,,1,0
139253,The House on Mango Street,Sandra Cisneros,"Cisneros, Sandra",,679734775,9780679734772,0,3.68,Knopf Doubleday Publishing Group,Paperback,110,2009,1984,,2021/08/20,,,read,,,,1,0
6931356,"The DUFF: Designated Ugly Fat Friend (Hamilton High, #1)",Kody Keplinger,"Keplinger, Kody",,316084239,9780316084239,0,3.79,Little Brown/Poppy,Hardcover,280,2010,2010,,2021/08/20,,,read,,,,1,0
28374007,"Three Dark Crowns (Three Dark Crowns, #1)",Kendare Blake,"Blake, Kendare",,62385437,9780062385437,0,3.79,Quill Tree Books,Hardcover,403,2016,2016,,2021/08/20,,,read,,,,1,0
667,Anthem,Ayn Rand,"Rand, Ayn",Leonard Peikoff,452281253,9780452281257,0,3.61,NAL,Paperback,105,1999,1938,,2021/08/20,,,read,,,,1,0
69477,Z for Zachariah,Robert C. O'Brien,"O'Brien, Robert C.",,,,0,3.68,G. K. Hall,Hardcover,249,1976,1974,,2021/08/20,,,read,,,,1,0
5326,A Christmas Carol,Charles Dickens,"Dickens, Charles",Joe L. Wheeler,1561797464,9781561797462,0,4.09,Bethany House Publishers ,Paperback,184,1999,1843,,2021/08/20,,,read,,,,1,0
18584855,Heartless,Marissa Meyer,"Meyer, Marissa",,1250044650,9781250044655,0,4.09,Feiwel & Friends,Hardcover,453,2016,2016,,2021/08/20,,,read,,,,1,0
18692431,"Everything, Everything",Nicola Yoon,"Yoon, Nicola",David  Yoon,553496646,9780553496642,0,3.96,Delacorte Books for Young Readers,Hardcover,312,2015,2015,,2021/08/20,,,read,,,,1,0
18460392,All the Bright Places,Jennifer Niven,"Niven, Jennifer",,385755880,9780385755887,5,4.11,Knopf,Hardcover,388,2015,2015,,2021/08/20,,,read,,,,1,0
8235178,"Across the Universe (Across the Universe, #1)",Beth Revis,"Revis, Beth",,1595143971,9781595143976,0,3.77,Razorbill,Hardcover,399,2011,2011,,2021/08/20,,,read,,,,1,0
32075671,"The Hate U Give (The Hate U Give, #1)",Angie Thomas,"Thomas, Angie",,62498533,9780062498533,0,4.45,Clarion Books,Hardcover,454,2017,2017,,2021/08/20,,,read,,,,1,0
16143347,We Were Liars,E. Lockhart,"Lockhart, E.",,385741278,9780385741279,4,3.65,Delacorte Press,Paperback,320,2018,2014,,2021/08/20,,,read,,,,1,0
10576365,"The Darkest Minds (The Darkest Minds, #1)",Alexandra Bracken,"Bracken, Alexandra",,1423157370,9781423157373,0,4.15,Disney Hyperion,Hardcover,488,2012,2012,,2021/08/20,,,read,,,,1,0
213753,"Life As We Knew It (Last Survivors, #1)",Susan Beth Pfeffer,"Pfeffer, Susan Beth",,,,4,3.89,HMH Books for Young Readers,Paperback,337,2006,2006,,2021/08/20,,,read,,,,1,0
22328546,"Red Queen (Red Queen, #1)",Victoria Aveyard,"Aveyard, Victoria",,62310631,9780062310637,0,3.98,HarperTeen,Hardcover,388,2015,2015,,2021/08/20,,,read,,,,1,0
16131489,"The Last Star (The 5th Wave, #3)",Rick Yancey,"Yancey, Rick",,399162437,9780399162435,0,3.61,G.P. Putnam's Sons Books for Young Readers,Hardcover,338,2016,2016,,2021/08/20,,,read,,,,1,0
16131484,"The Infinite Sea (The 5th Wave, #2)",Rick Yancey,"Yancey, Rick",,1101599014,9781101599013,0,3.83,Putnam Juvenile,Kindle Edition,320,2014,2014,,2021/08/20,,,read,,,,1,0
22299763,"Crooked Kingdom (Six of Crows, #2)",Leigh Bardugo,"Bardugo, Leigh",,,,0,4.57,Orion Children's Books,Kindle Edition,561,2016,2016,,2021/08/20,,,read,,,,1,0
23437156,"Six of Crows (Six of Crows, #1)",Leigh Bardugo,"Bardugo, Leigh",,1627792120,9781627792127,0,4.46,Henry Holt & Company,Hardcover,480,2015,2015,,2021/08/20,,,read,,,,1,0
15745753,Eleanor & Park,Rainbow Rowell,"Rowell, Rainbow",,1250012570,9781250012579,5,3.93,St. Martin's Press,Hardcover,328,2013,2012,,2021/08/20,,,read,,,,1,0
9460487,"Miss Peregrine's Home for Peculiar Children (Miss Peregrine's Peculiar Children, #1)",Ransom Riggs,"Riggs, Ransom",,1594744769,9781594744761,3,3.92,Quirk,Hardcover,352,2011,2011,,2021/08/20,,,read,,,,1,0
28588345,"The Midnight Star (The Young Elites, #3)",Marie Lu,"Lu, Marie",,399167854,9780399167850,0,4.10,G.P. Putnam's Sons Books for Young Readers,Hardcover,316,2016,2016,,2021/08/20,,,read,,,,1,0
23846013,"The Rose Society (The Young Elites, #2)",Marie Lu,"Lu, Marie",,399167846,9780399167843,0,4.01,G.P. Putnam's Sons Books for Young Readers,Hardcover,398,2015,2015,,2021/08/20,,,read,,,,1,0
14290364,"Champion (Legend, #3)",Marie Lu,"Lu, Marie",,399256776,9780399256776,0,4.31,Putnam Juvenile,Hardcover,369,2013,2013,,2021/08/20,,,read,,,,1,0
13414446,"Prodigy (Legend, #2)",Marie Lu,"Lu, Marie",,399256768,9780399256769,0,4.22,Putnam Juvenile,Hardcover,371,2013,2013,,2021/08/20,,,read,,,,1,0
13125947,"Reached (Matched, #3)",Ally Condie,"Condie, Ally",,525423664,9780525423669,0,3.54,Penguin,Hardcover,512,2012,2012,,2021/08/20,,,read,,,,1,0
15812814,"Crossed (Matched, #2)",Ally Condie,"Condie, Ally",,142421715,9780142421710,0,3.52,Speak,Paperback,367,2013,2011,,2021/08/20,,,read,,,,1,0
50,"Hatchet (Brian's Saga, #1)",Gary Paulsen,"Paulsen, Gary",,689840926,9780689840920,0,3.79,Atheneum Books for Young Readers: Richard Jackson Books,Hardcover,208,2000,1987,,2021/08/20,,,read,,,,1,0
13152,"The Angel Experiment (Maximum Ride, #1)",James  Patterson,"Patterson, James",,446617792,9780446617796,0,4.07,Grand Central Publishing,Mass Market Paperback,445,2006,2005,,2021/08/20,,,read,,,,1,0
6138594,"The Soul (The Host, #3)",Stephenie Meyer,"Meyer, Stephenie",,,,0,4.11,,Hardcover,,,,,2021/08/20,,,read,,,,1,0
6138606,"The Seeker (The Host, #2)",Stephenie Meyer,"Meyer, Stephenie",,,,0,4.08,,Hardcover,,,,,2021/08/20,,,read,,,,1,0
231804,The Outsiders,S.E. Hinton,"Hinton, S.E.",,670532576,9780670532575,4,4.14,Puffin Books (US/CAN),Mass Market Paperback,208,1997,1967,,2021/08/20,,,read,,,,1,0
18656072,The Ice Cream Queen of Orchard Street,Susan Jane Gilman,"Gilman, Susan Jane",,446578932,9780446578936,4,3.74,Grand Central Publishing,Hardcover,505,2014,2014,,2021/08/20,,,read,,,,1,0
18710190,"Allegiant (Divergent, #3)",Veronica Roth,"Roth, Veronica",,7524277,9780007524273,0,3.60,HarperCollins Children's Book's,Hardcover,531,2013,2013,,2021/08/20,,,read,,,,1,0
13615258,"Free Four: Tobias Tells the Divergent Knife-Throwing Scene (Divergent, #1.5)",Veronica Roth,"Roth, Veronica",,006223742X,9780062237422,0,4.12,Katherine Tegen Books ,Kindle Edition,43,2012,2012,,2021/08/20,,,read,,,,1,0
11735983,"Insurgent (Divergent, #2)",Veronica Roth,"Roth, Veronica",,7442912,9780007442911,0,3.96,HarperCollins Children's Books,Hardcover,525,2012,2012,,2021/08/20,,,read,,,,1,0
7864437,"The Death Cure (The Maze Runner, #3)",James Dashner,"Dashner, James",,385738773,9780385738774,0,3.78,Delacorte Books for Young Readers,Hardcover,325,2011,2011,,2021/08/20,,,read,,,,1,0
7631105,"The Scorch Trials (The Maze Runner, #2)",James Dashner,"Dashner, James",,385738757,9780385738750,0,3.89,Delacorte Press,Hardcover,362,2010,2010,,2021/08/20,,,read,,,,1,0
7260188,"Mockingjay (The Hunger Games, #3)",Suzanne Collins,"Collins, Suzanne",,439023513,9780439023511,4,4.12,Scholastic Press,Hardcover,390,2010,2010,,2021/08/20,,,read,,,,1,0
194746,No Longer Human,Osamu Dazai,"Dazai, Osamu",Donald Keene,,,0,3.95,New Directions,Paperback,176,1958,1948,,2021/08/15,to-read,to-read (#2),to-read,,,,0,0
11870085,The Fault in Our Stars,John Green,"Green, John",,,,3,4.12,Dutton Books,Hardcover,313,2012,2012,,2021/08/10,,,read,,,,1,0
5907,"The Hobbit, or There and Back Again",J.R.R. Tolkien,"Tolkien, J.R.R.","Douglas A. Anderson, Michael Hague, Jemima Catlin",,,0,4.30,Houghton Mifflin,Paperback,366,2002,1937,,2021/08/10,to-read,to-read (#1),to-read,,,,0,0
5107,The Catcher in the Rye,J.D. Salinger,"Salinger, J.D.",,316769177,9780316769174,5,3.80,Back Bay Books,Paperback,277,2001,1951,,2021/08/10,,,read,,,,1,0